county_name,county_fips,YEAR,MONTH_NAME,EVENT_TYPE,STATE,BEGIN_DATE_TIME,END_DATE_TIME,MAGNITUDE,DAMAGE_PROPERTY,EPISODE_ID,EVENT_ID,source_name,source_portal,query_endpoint
Miami-Dade,86,2014,February,Thunderstorm Wind,FLORIDA,12-FEB-14 16:40:00,12-FEB-14 16:40:00,58.0,0.00K,82270,495129,NOAA Storm Events Database,https://www.ncdc.noaa.gov/stormevents/,"https://www.ncdc.noaa.gov/stormevents/ftp.jsp — downloaded StormEvents_details bulk CSV, filtered STATE=FLORIDA"
Miami-Dade,86,2014,June,Thunderstorm Wind,FLORIDA,20-JUN-14 14:07:00,20-JUN-14 14:07:00,56.0,0.00K,86812,524198,NOAA Storm Events Database,https://www.ncdc.noaa.gov/stormevents/,"https://www.ncdc.noaa.gov/stormevents/ftp.jsp — downloaded StormEvents_details bulk CSV, filtered STATE=FLORIDA"
Miami-Dade,86,2014,June,Thunderstorm Wind,FLORIDA,13-JUN-14 15:08:00,13-JUN-14 15:08:00,54.0,0.00K,86786,524178,NOAA Storm Events Database,https://www.ncdc.noaa.gov/stormevents/,"https://www.ncdc.noaa.gov/stormevents/ftp.jsp — downloaded StormEvents_details bulk CSV, filtered STATE=FLORIDA"
Miami-Dade,86,2014,February,Thunderstorm Wind,FLORIDA,12-FEB-14 16:39:00,12-FEB-14 16:39:00,61.0,0.00K,82270,495130,NOAA Storm Events Database,https://www.ncdc.noaa.gov/stormevents/,"https://www.ncdc.noaa.gov/stormevents/ftp.jsp — downloaded StormEvents_details bulk CSV, filtered STATE=FLORIDA"
Miami-Dade,86,2014,April,Thunderstorm Wind,FLORIDA,19-APR-14 05:17:00,19-APR-14 05:17:00,53.0,0.00K,83223,502087,NOAA Storm Events Database,https://www.ncdc.noaa.gov/stormevents/,"https://www.ncdc.noaa.gov/stormevents/ftp.jsp — downloaded StormEvents_details bulk CSV, filtered STATE=FLORIDA"
Miami-Dade,86,2014,June,Thunderstorm Wind,FLORIDA,13-JUN-14 15:10:00,13-JUN-14 15:10:00,52.0,0.00K,86786,524179,NOAA Storm Events Database,https://www.ncdc.noaa.gov/stormevents/,"https://www.ncdc.noaa.gov/stormevents/ftp.jsp — downloaded StormEvents_details bulk CSV, filtered STATE=FLORIDA"
Miami-Dade,86,2015,March,Thunderstorm Wind,FLORIDA,27-MAR-15 17:49:00,27-MAR-15 17:49:00,43.0,0.00K,94524,568284,NOAA Storm Events Database,https://www.ncdc.noaa.gov/stormevents/,"https://www.ncdc.noaa.gov/stormevents/ftp.jsp — downloaded StormEvents_details bulk CSV, filtered STATE=FLORIDA"
Miami-Dade,86,2015,June,Thunderstorm Wind,FLORIDA,29-JUN-15 15:58:00,29-JUN-15 15:58:00,52.0,0.00K,98105,589914,NOAA Storm Events Database,https://www.ncdc.noaa.gov/stormevents/,"https://www.ncdc.noaa.gov/stormevents/ftp.jsp — downloaded StormEvents_details bulk CSV, filtered STATE=FLORIDA"
Miami-Dade,86,2015,June,Thunderstorm Wind,FLORIDA,29-JUN-15 15:58:00,29-JUN-15 15:58:00,52.0,,98105,589915,NOAA Storm Events Database,https://www.ncdc.noaa.gov/stormevents/,"https://www.ncdc.noaa.gov/stormevents/ftp.jsp — downloaded StormEvents_details bulk CSV, filtered STATE=FLORIDA"
Miami-Dade,86,2015,June,Thunderstorm Wind,FLORIDA,29-JUN-15 15:38:00,29-JUN-15 15:38:00,52.0,0.00K,98105,589918,NOAA Storm Events Database,https://www.ncdc.noaa.gov/stormevents/,"https://www.ncdc.noaa.gov/stormevents/ftp.jsp — downloaded StormEvents_details bulk CSV, filtered STATE=FLORIDA"
Miami-Dade,86,2015,February,Flash Flood,FLORIDA,28-FEB-15 14:00:00,28-FEB-15 17:00:00,,3.00K,93336,565140,NOAA Storm Events Database,https://www.ncdc.noaa.gov/stormevents/,"https://www.ncdc.noaa.gov/stormevents/ftp.jsp — downloaded StormEvents_details bulk CSV, filtered STATE=FLORIDA"
Miami-Dade,86,2015,April,Thunderstorm Wind,FLORIDA,27-APR-15 17:48:00,27-APR-15 17:48:00,50.0,0.00K,95487,573706,NOAA Storm Events Database,https://www.ncdc.noaa.gov/stormevents/,"https://www.ncdc.noaa.gov/stormevents/ftp.jsp — downloaded StormEvents_details bulk CSV, filtered STATE=FLORIDA"
Miami-Dade,86,2015,September,Thunderstorm Wind,FLORIDA,05-SEP-15 13:51:00,05-SEP-15 13:51:00,52.0,0.00K,99258,596070,NOAA Storm Events Database,https://www.ncdc.noaa.gov/stormevents/,"https://www.ncdc.noaa.gov/stormevents/ftp.jsp — downloaded StormEvents_details bulk CSV, filtered STATE=FLORIDA"
Miami-Dade,86,2015,September,Thunderstorm Wind,FLORIDA,05-SEP-15 13:51:00,05-SEP-15 13:51:00,52.0,0.00K,99258,596074,NOAA Storm Events Database,https://www.ncdc.noaa.gov/stormevents/,"https://www.ncdc.noaa.gov/stormevents/ftp.jsp — downloaded StormEvents_details bulk CSV, filtered STATE=FLORIDA"
Miami-Dade,86,2015,September,Thunderstorm Wind,FLORIDA,05-SEP-15 13:52:00,05-SEP-15 13:52:00,52.0,0.00K,99258,596073,NOAA Storm Events Database,https://www.ncdc.noaa.gov/stormevents/,"https://www.ncdc.noaa.gov/stormevents/ftp.jsp — downloaded StormEvents_details bulk CSV, filtered STATE=FLORIDA"
Miami-Dade,86,2015,September,Thunderstorm Wind,FLORIDA,05-SEP-15 13:50:00,05-SEP-15 13:50:00,52.0,0.00K,99258,596075,NOAA Storm Events Database,https://www.ncdc.noaa.gov/stormevents/,"https://www.ncdc.noaa.gov/stormevents/ftp.jsp — downloaded StormEvents_details bulk CSV, filtered STATE=FLORIDA"
Miami-Dade,86,2015,December,Flash Flood,FLORIDA,04-DEC-15 06:00:00,04-DEC-15 16:00:00,,10.00K,101249,605711,NOAA Storm Events Database,https://www.ncdc.noaa.gov/stormevents/,"https://www.ncdc.noaa.gov/stormevents/ftp.jsp — downloaded StormEvents_details bulk CSV, filtered STATE=FLORIDA"
Miami-Dade,86,2015,December,Flash Flood,FLORIDA,05-DEC-15 11:00:00,05-DEC-15 22:00:00,,30.00K,101249,605706,NOAA Storm Events Database,https://www.ncdc.noaa.gov/stormevents/,"https://www.ncdc.noaa.gov/stormevents/ftp.jsp — downloaded StormEvents_details bulk CSV, filtered STATE=FLORIDA"
Miami-Dade,86,2016,January,Thunderstorm Wind,FLORIDA,15-JAN-16 15:33:00,15-JAN-16 15:33:00,52.0,,102117,610440,NOAA Storm Events Database,https://www.ncdc.noaa.gov/stormevents/,"https://www.ncdc.noaa.gov/stormevents/ftp.jsp — downloaded StormEvents_details bulk CSV, filtered STATE=FLORIDA"
Miami-Dade,86,2016,June,Thunderstorm Wind,FLORIDA,18-JUN-16 17:13:00,18-JUN-16 17:13:00,52.0,,107069,642374,NOAA Storm Events Database,https://www.ncdc.noaa.gov/stormevents/,"https://www.ncdc.noaa.gov/stormevents/ftp.jsp — downloaded StormEvents_details bulk CSV, filtered STATE=FLORIDA"
Miami-Dade,86,2016,June,Thunderstorm Wind,FLORIDA,18-JUN-16 17:12:00,18-JUN-16 17:12:00,52.0,,107069,642373,NOAA Storm Events Database,https://www.ncdc.noaa.gov/stormevents/,"https://www.ncdc.noaa.gov/stormevents/ftp.jsp — downloaded StormEvents_details bulk CSV, filtered STATE=FLORIDA"
Miami-Dade,86,2016,June,Thunderstorm Wind,FLORIDA,18-JUN-16 17:03:00,18-JUN-16 17:06:00,52.0,,107069,642371,NOAA Storm Events Database,https://www.ncdc.noaa.gov/stormevents/,"https://www.ncdc.noaa.gov/stormevents/ftp.jsp — downloaded StormEvents_details bulk CSV, filtered STATE=FLORIDA"
Miami-Dade,86,2016,September,Thunderstorm Wind,FLORIDA,20-SEP-16 12:49:00,20-SEP-16 12:49:00,50.0,,109580,655778,NOAA Storm Events Database,https://www.ncdc.noaa.gov/stormevents/,"https://www.ncdc.noaa.gov/stormevents/ftp.jsp — downloaded StormEvents_details bulk CSV, filtered STATE=FLORIDA"
Miami-Dade,86,2016,July,Thunderstorm Wind,FLORIDA,18-JUL-16 00:20:00,18-JUL-16 00:20:00,45.0,5.00K,107064,642343,NOAA Storm Events Database,https://www.ncdc.noaa.gov/stormevents/,"https://www.ncdc.noaa.gov/stormevents/ftp.jsp — downloaded StormEvents_details bulk CSV, filtered STATE=FLORIDA"
Miami-Dade,86,2017,June,Flash Flood,FLORIDA,02-JUN-17 08:40:00,02-JUN-17 10:30:00,,10.00K,118041,710240,NOAA Storm Events Database,https://www.ncdc.noaa.gov/stormevents/,"https://www.ncdc.noaa.gov/stormevents/ftp.jsp — downloaded StormEvents_details bulk CSV, filtered STATE=FLORIDA"
Miami-Dade,86,2017,January,Thunderstorm Wind,FLORIDA,23-JAN-17 04:20:00,23-JAN-17 04:20:00,56.0,,112797,673865,NOAA Storm Events Database,https://www.ncdc.noaa.gov/stormevents/,"https://www.ncdc.noaa.gov/stormevents/ftp.jsp — downloaded StormEvents_details bulk CSV, filtered STATE=FLORIDA"
Miami-Dade,86,2017,January,Thunderstorm Wind,FLORIDA,23-JAN-17 03:55:00,23-JAN-17 03:55:00,61.0,,112797,673862,NOAA Storm Events Database,https://www.ncdc.noaa.gov/stormevents/,"https://www.ncdc.noaa.gov/stormevents/ftp.jsp — downloaded StormEvents_details bulk CSV, filtered STATE=FLORIDA"
Miami-Dade,86,2017,January,Thunderstorm Wind,FLORIDA,23-JAN-17 03:46:00,23-JAN-17 03:46:00,65.0,,112797,673864,NOAA Storm Events Database,https://www.ncdc.noaa.gov/stormevents/,"https://www.ncdc.noaa.gov/stormevents/ftp.jsp — downloaded StormEvents_details bulk CSV, filtered STATE=FLORIDA"
Miami-Dade,86,2017,January,Thunderstorm Wind,FLORIDA,23-JAN-17 03:10:00,23-JAN-17 03:10:00,52.0,,112797,673868,NOAA Storm Events Database,https://www.ncdc.noaa.gov/stormevents/,"https://www.ncdc.noaa.gov/stormevents/ftp.jsp — downloaded StormEvents_details bulk CSV, filtered STATE=FLORIDA"
Miami-Dade,86,2017,August,Flash Flood,FLORIDA,02-AUG-17 14:50:00,02-AUG-17 18:00:00,,1.00M,119837,718505,NOAA Storm Events Database,https://www.ncdc.noaa.gov/stormevents/,"https://www.ncdc.noaa.gov/stormevents/ftp.jsp — downloaded StormEvents_details bulk CSV, filtered STATE=FLORIDA"
Miami-Dade,86,2019,January,Thunderstorm Wind,FLORIDA,27-JAN-19 19:53:00,27-JAN-19 19:55:00,52.0,,134322,805239,NOAA Storm Events Database,https://www.ncdc.noaa.gov/stormevents/,"https://www.ncdc.noaa.gov/stormevents/ftp.jsp — downloaded StormEvents_details bulk CSV, filtered STATE=FLORIDA"
Miami-Dade,86,2019,May,Thunderstorm Wind,FLORIDA,06-MAY-19 14:17:00,06-MAY-19 14:17:00,52.0,8.00K,137555,826359,NOAA Storm Events Database,https://www.ncdc.noaa.gov/stormevents/,"https://www.ncdc.noaa.gov/stormevents/ftp.jsp — downloaded StormEvents_details bulk CSV, filtered STATE=FLORIDA"
Miami-Dade,86,2019,May,Thunderstorm Wind,FLORIDA,06-MAY-19 13:49:00,06-MAY-19 13:49:00,43.0,30.00K,137555,826367,NOAA Storm Events Database,https://www.ncdc.noaa.gov/stormevents/,"https://www.ncdc.noaa.gov/stormevents/ftp.jsp — downloaded StormEvents_details bulk CSV, filtered STATE=FLORIDA"
Miami-Dade,86,2019,May,Thunderstorm Wind,FLORIDA,06-MAY-19 14:08:00,06-MAY-19 14:10:00,52.0,10.00K,137555,826362,NOAA Storm Events Database,https://www.ncdc.noaa.gov/stormevents/,"https://www.ncdc.noaa.gov/stormevents/ftp.jsp — downloaded StormEvents_details bulk CSV, filtered STATE=FLORIDA"
Miami-Dade,86,2019,May,Thunderstorm Wind,FLORIDA,05-MAY-19 17:55:00,05-MAY-19 17:55:00,50.0,1.00K,137554,826334,NOAA Storm Events Database,https://www.ncdc.noaa.gov/stormevents/,"https://www.ncdc.noaa.gov/stormevents/ftp.jsp — downloaded StormEvents_details bulk CSV, filtered STATE=FLORIDA"
Miami-Dade,86,2019,July,Thunderstorm Wind,FLORIDA,12-JUL-19 02:24:00,12-JUL-19 02:24:00,50.0,0.00K,140546,844798,NOAA Storm Events Database,https://www.ncdc.noaa.gov/stormevents/,"https://www.ncdc.noaa.gov/stormevents/ftp.jsp — downloaded StormEvents_details bulk CSV, filtered STATE=FLORIDA"
Miami-Dade,86,2019,April,Thunderstorm Wind,FLORIDA,19-APR-19 20:56:00,19-APR-19 20:56:00,52.0,,136793,822068,NOAA Storm Events Database,https://www.ncdc.noaa.gov/stormevents/,"https://www.ncdc.noaa.gov/stormevents/ftp.jsp — downloaded StormEvents_details bulk CSV, filtered STATE=FLORIDA"
Miami-Dade,86,2019,August,Flash Flood,FLORIDA,15-AUG-19 14:00:00,15-AUG-19 18:00:00,,30.00K,141553,849894,NOAA Storm Events Database,https://www.ncdc.noaa.gov/stormevents/,"https://www.ncdc.noaa.gov/stormevents/ftp.jsp — downloaded StormEvents_details bulk CSV, filtered STATE=FLORIDA"
Miami-Dade,86,2020,May,Flash Flood,FLORIDA,25-MAY-20 13:00:00,25-MAY-20 15:00:00,,1.00K,148150,896921,NOAA Storm Events Database,https://www.ncdc.noaa.gov/stormevents/,"https://www.ncdc.noaa.gov/stormevents/ftp.jsp — downloaded StormEvents_details bulk CSV, filtered STATE=FLORIDA"
Miami-Dade,86,2020,April,Thunderstorm Wind,FLORIDA,30-APR-20 13:05:00,30-APR-20 13:05:00,52.0,,146598,890796,NOAA Storm Events Database,https://www.ncdc.noaa.gov/stormevents/,"https://www.ncdc.noaa.gov/stormevents/ftp.jsp — downloaded StormEvents_details bulk CSV, filtered STATE=FLORIDA"
Miami-Dade,86,2020,April,Thunderstorm Wind,FLORIDA,30-APR-20 13:03:00,30-APR-20 13:03:00,52.0,0.00K,146598,890802,NOAA Storm Events Database,https://www.ncdc.noaa.gov/stormevents/,"https://www.ncdc.noaa.gov/stormevents/ftp.jsp — downloaded StormEvents_details bulk CSV, filtered STATE=FLORIDA"
Miami-Dade,86,2020,May,Thunderstorm Wind,FLORIDA,17-MAY-20 15:25:00,17-MAY-20 15:25:00,36.0,0.00K,147455,886866,NOAA Storm Events Database,https://www.ncdc.noaa.gov/stormevents/,"https://www.ncdc.noaa.gov/stormevents/ftp.jsp — downloaded StormEvents_details bulk CSV, filtered STATE=FLORIDA"
Miami-Dade,86,2020,May,Thunderstorm Wind,FLORIDA,17-MAY-20 15:15:00,17-MAY-20 15:15:00,36.0,0.00K,147455,886870,NOAA Storm Events Database,https://www.ncdc.noaa.gov/stormevents/,"https://www.ncdc.noaa.gov/stormevents/ftp.jsp — downloaded StormEvents_details bulk CSV, filtered STATE=FLORIDA"
Miami-Dade,86,2020,May,Thunderstorm Wind,FLORIDA,17-MAY-20 15:15:00,17-MAY-20 15:15:00,36.0,0.00K,147455,886873,NOAA Storm Events Database,https://www.ncdc.noaa.gov/stormevents/,"https://www.ncdc.noaa.gov/stormevents/ftp.jsp — downloaded StormEvents_details bulk CSV, filtered STATE=FLORIDA"
Miami-Dade,86,2020,May,Thunderstorm Wind,FLORIDA,17-MAY-20 15:00:00,17-MAY-20 15:00:00,36.0,3.00K,147455,886875,NOAA Storm Events Database,https://www.ncdc.noaa.gov/stormevents/,"https://www.ncdc.noaa.gov/stormevents/ftp.jsp — downloaded StormEvents_details bulk CSV, filtered STATE=FLORIDA"
Miami-Dade,86,2020,May,Thunderstorm Wind,FLORIDA,17-MAY-20 15:30:00,17-MAY-20 15:30:00,36.0,0.00K,147455,886863,NOAA Storm Events Database,https://www.ncdc.noaa.gov/stormevents/,"https://www.ncdc.noaa.gov/stormevents/ftp.jsp — downloaded StormEvents_details bulk CSV, filtered STATE=FLORIDA"
Miami-Dade,86,2020,April,Thunderstorm Wind,FLORIDA,30-APR-20 12:42:00,30-APR-20 12:42:00,52.0,,146598,881020,NOAA Storm Events Database,https://www.ncdc.noaa.gov/stormevents/,"https://www.ncdc.noaa.gov/stormevents/ftp.jsp — downloaded StormEvents_details bulk CSV, filtered STATE=FLORIDA"
Miami-Dade,86,2020,April,Thunderstorm Wind,FLORIDA,30-APR-20 12:50:00,30-APR-20 12:50:00,48.0,0.00K,146598,881022,NOAA Storm Events Database,https://www.ncdc.noaa.gov/stormevents/,"https://www.ncdc.noaa.gov/stormevents/ftp.jsp — downloaded StormEvents_details bulk CSV, filtered STATE=FLORIDA"
Miami-Dade,86,2020,April,Thunderstorm Wind,FLORIDA,30-APR-20 12:55:00,30-APR-20 12:55:00,57.0,0.00K,146598,890799,NOAA Storm Events Database,https://www.ncdc.noaa.gov/stormevents/,"https://www.ncdc.noaa.gov/stormevents/ftp.jsp — downloaded StormEvents_details bulk CSV, filtered STATE=FLORIDA"
Miami-Dade,86,2020,April,Thunderstorm Wind,FLORIDA,30-APR-20 13:00:00,30-APR-20 13:00:00,52.0,1.00K,146598,881019,NOAA Storm Events Database,https://www.ncdc.noaa.gov/stormevents/,"https://www.ncdc.noaa.gov/stormevents/ftp.jsp — downloaded StormEvents_details bulk CSV, filtered STATE=FLORIDA"
Miami-Dade,86,2020,April,Thunderstorm Wind,FLORIDA,30-APR-20 12:35:00,30-APR-20 12:35:00,52.0,0.00K,146598,881021,NOAA Storm Events Database,https://www.ncdc.noaa.gov/stormevents/,"https://www.ncdc.noaa.gov/stormevents/ftp.jsp — downloaded StormEvents_details bulk CSV, filtered STATE=FLORIDA"
Miami-Dade,86,2020,April,Thunderstorm Wind,FLORIDA,30-APR-20 13:10:00,30-APR-20 13:13:00,54.0,,146598,881018,NOAA Storm Events Database,https://www.ncdc.noaa.gov/stormevents/,"https://www.ncdc.noaa.gov/stormevents/ftp.jsp — downloaded StormEvents_details bulk CSV, filtered STATE=FLORIDA"
Miami-Dade,86,2020,November,Flash Flood,FLORIDA,12-NOV-20 18:30:00,12-NOV-20 23:00:00,,0.00K,153660,929886,NOAA Storm Events Database,https://www.ncdc.noaa.gov/stormevents/,"https://www.ncdc.noaa.gov/stormevents/ftp.jsp — downloaded StormEvents_details bulk CSV, filtered STATE=FLORIDA"
Miami-Dade,86,2020,August,Thunderstorm Wind,FLORIDA,24-AUG-20 09:45:00,24-AUG-20 09:45:00,56.0,0.00K,151635,913655,NOAA Storm Events Database,https://www.ncdc.noaa.gov/stormevents/,"https://www.ncdc.noaa.gov/stormevents/ftp.jsp — downloaded StormEvents_details bulk CSV, filtered STATE=FLORIDA"
Miami-Dade,86,2020,August,Thunderstorm Wind,FLORIDA,24-AUG-20 13:10:00,24-AUG-20 13:10:00,52.0,0.00K,151635,913657,NOAA Storm Events Database,https://www.ncdc.noaa.gov/stormevents/,"https://www.ncdc.noaa.gov/stormevents/ftp.jsp — downloaded StormEvents_details bulk CSV, filtered STATE=FLORIDA"
Miami-Dade,86,2020,November,Flash Flood,FLORIDA,08-NOV-20 10:00:00,09-NOV-20 20:00:00,,0.00K,153627,924914,NOAA Storm Events Database,https://www.ncdc.noaa.gov/stormevents/,"https://www.ncdc.noaa.gov/stormevents/ftp.jsp — downloaded StormEvents_details bulk CSV, filtered STATE=FLORIDA"
Miami-Dade,86,2020,September,Flash Flood,FLORIDA,13-SEP-20 01:00:00,13-SEP-20 06:00:00,,0.00K,152466,920998,NOAA Storm Events Database,https://www.ncdc.noaa.gov/stormevents/,"https://www.ncdc.noaa.gov/stormevents/ftp.jsp — downloaded StormEvents_details bulk CSV, filtered STATE=FLORIDA"
Miami-Dade,86,2020,November,Flash Flood,FLORIDA,12-NOV-20 15:00:00,12-NOV-20 20:00:00,,0.00K,153660,925081,NOAA Storm Events Database,https://www.ncdc.noaa.gov/stormevents/,"https://www.ncdc.noaa.gov/stormevents/ftp.jsp — downloaded StormEvents_details bulk CSV, filtered STATE=FLORIDA"
Miami-Dade,86,2020,October,Flash Flood,FLORIDA,02-OCT-20 12:30:00,05-OCT-20 16:00:00,,0.00K,152708,919855,NOAA Storm Events Database,https://www.ncdc.noaa.gov/stormevents/,"https://www.ncdc.noaa.gov/stormevents/ftp.jsp — downloaded StormEvents_details bulk CSV, filtered STATE=FLORIDA"
Miami-Dade,86,2020,October,Flash Flood,FLORIDA,02-OCT-20 13:30:00,02-OCT-20 17:00:00,,0.00K,152708,919857,NOAA Storm Events Database,https://www.ncdc.noaa.gov/stormevents/,"https://www.ncdc.noaa.gov/stormevents/ftp.jsp — downloaded StormEvents_details bulk CSV, filtered STATE=FLORIDA"
Miami-Dade,86,2021,February,Flash Flood,FLORIDA,16-FEB-21 15:00:00,16-FEB-21 18:00:00,,0.00K,155335,936817,NOAA Storm Events Database,https://www.ncdc.noaa.gov/stormevents/,"https://www.ncdc.noaa.gov/stormevents/ftp.jsp — downloaded StormEvents_details bulk CSV, filtered STATE=FLORIDA"
Miami-Dade,86,2021,April,Thunderstorm Wind,FLORIDA,11-APR-21 16:53:00,11-APR-21 16:53:00,55.0,2.00K,157115,952094,NOAA Storm Events Database,https://www.ncdc.noaa.gov/stormevents/,"https://www.ncdc.noaa.gov/stormevents/ftp.jsp — downloaded StormEvents_details bulk CSV, filtered STATE=FLORIDA"
Miami-Dade,86,2021,April,Thunderstorm Wind,FLORIDA,11-APR-21 16:40:00,11-APR-21 16:40:00,47.0,2.00K,157115,952095,NOAA Storm Events Database,https://www.ncdc.noaa.gov/stormevents/,"https://www.ncdc.noaa.gov/stormevents/ftp.jsp — downloaded StormEvents_details bulk CSV, filtered STATE=FLORIDA"
Miami-Dade,86,2021,July,Flash Flood,FLORIDA,12-JUL-21 12:00:00,12-JUL-21 16:30:00,,0.00K,160232,975125,NOAA Storm Events Database,https://www.ncdc.noaa.gov/stormevents/,"https://www.ncdc.noaa.gov/stormevents/ftp.jsp — downloaded StormEvents_details bulk CSV, filtered STATE=FLORIDA"
Miami-Dade,86,2021,July,Thunderstorm Wind,FLORIDA,12-JUL-21 19:38:00,12-JUL-21 19:38:00,48.0,2.00K,160232,968888,NOAA Storm Events Database,https://www.ncdc.noaa.gov/stormevents/,"https://www.ncdc.noaa.gov/stormevents/ftp.jsp — downloaded StormEvents_details bulk CSV, filtered STATE=FLORIDA"
Miami-Dade,86,2021,November,Flash Flood,FLORIDA,05-NOV-21 05:00:00,05-NOV-21 08:00:00,,10.00K,163755,989122,NOAA Storm Events Database,https://www.ncdc.noaa.gov/stormevents/,"https://www.ncdc.noaa.gov/stormevents/ftp.jsp — downloaded StormEvents_details bulk CSV, filtered STATE=FLORIDA"
Miami-Dade,86,2021,November,Flash Flood,FLORIDA,18-NOV-21 17:20:00,18-NOV-21 20:00:00,,15.00K,163758,989127,NOAA Storm Events Database,https://www.ncdc.noaa.gov/stormevents/,"https://www.ncdc.noaa.gov/stormevents/ftp.jsp — downloaded StormEvents_details bulk CSV, filtered STATE=FLORIDA"
Miami-Dade,86,2021,November,Flash Flood,FLORIDA,18-NOV-21 18:00:00,18-NOV-21 20:30:00,,10.00K,163758,989128,NOAA Storm Events Database,https://www.ncdc.noaa.gov/stormevents/,"https://www.ncdc.noaa.gov/stormevents/ftp.jsp — downloaded StormEvents_details bulk CSV, filtered STATE=FLORIDA"
Miami-Dade,86,2021,August,Flash Flood,FLORIDA,12-AUG-21 21:50:00,12-AUG-21 23:50:00,,1.00K,162474,980838,NOAA Storm Events Database,https://www.ncdc.noaa.gov/stormevents/,"https://www.ncdc.noaa.gov/stormevents/ftp.jsp — downloaded StormEvents_details bulk CSV, filtered STATE=FLORIDA"
Miami-Dade,86,2021,September,Thunderstorm Wind,FLORIDA,01-SEP-21 16:10:00,01-SEP-21 16:10:00,43.0,1500.00K,162997,984277,NOAA Storm Events Database,https://www.ncdc.noaa.gov/stormevents/,"https://www.ncdc.noaa.gov/stormevents/ftp.jsp — downloaded StormEvents_details bulk CSV, filtered STATE=FLORIDA"
Miami-Dade,86,2021,September,Thunderstorm Wind,FLORIDA,01-SEP-21 16:35:00,01-SEP-21 16:35:00,43.0,0.50K,162997,984279,NOAA Storm Events Database,https://www.ncdc.noaa.gov/stormevents/,"https://www.ncdc.noaa.gov/stormevents/ftp.jsp — downloaded StormEvents_details bulk CSV, filtered STATE=FLORIDA"
Miami-Dade,86,2021,September,Thunderstorm Wind,FLORIDA,01-SEP-21 16:40:00,01-SEP-21 16:40:00,43.0,0.50K,162997,984280,NOAA Storm Events Database,https://www.ncdc.noaa.gov/stormevents/,"https://www.ncdc.noaa.gov/stormevents/ftp.jsp — downloaded StormEvents_details bulk CSV, filtered STATE=FLORIDA"
Miami-Dade,86,2021,September,Flash Flood,FLORIDA,02-SEP-21 14:00:00,02-SEP-21 17:00:00,,0.00K,162999,985586,NOAA Storm Events Database,https://www.ncdc.noaa.gov/stormevents/,"https://www.ncdc.noaa.gov/stormevents/ftp.jsp — downloaded StormEvents_details bulk CSV, filtered STATE=FLORIDA"
Miami-Dade,86,2021,December,Thunderstorm Wind,FLORIDA,21-DEC-21 11:00:00,21-DEC-21 11:00:00,39.0,1.00K,164941,995932,NOAA Storm Events Database,https://www.ncdc.noaa.gov/stormevents/,"https://www.ncdc.noaa.gov/stormevents/ftp.jsp — downloaded StormEvents_details bulk CSV, filtered STATE=FLORIDA"
Miami-Dade,86,2022,November,Flash Flood,FLORIDA,20-NOV-22 18:00:00,20-NOV-22 19:30:00,,0.00K,175787,1067113,NOAA Storm Events Database,https://www.ncdc.noaa.gov/stormevents/,"https://www.ncdc.noaa.gov/stormevents/ftp.jsp — downloaded StormEvents_details bulk CSV, filtered STATE=FLORIDA"
Miami-Dade,86,2022,October,Flash Flood,FLORIDA,13-OCT-22 14:15:00,13-OCT-22 17:00:00,,0.00K,174862,1060784,NOAA Storm Events Database,https://www.ncdc.noaa.gov/stormevents/,"https://www.ncdc.noaa.gov/stormevents/ftp.jsp — downloaded StormEvents_details bulk CSV, filtered STATE=FLORIDA"
Miami-Dade,86,2022,April,Thunderstorm Wind,FLORIDA,18-APR-22 17:34:00,18-APR-22 17:34:00,50.0,0.00K,168653,1021098,NOAA Storm Events Database,https://www.ncdc.noaa.gov/stormevents/,"https://www.ncdc.noaa.gov/stormevents/ftp.jsp — downloaded StormEvents_details bulk CSV, filtered STATE=FLORIDA"
Miami-Dade,86,2022,January,Thunderstorm Wind,FLORIDA,16-JAN-22 13:14:00,16-JAN-22 13:14:00,68.0,0.00K,164891,995683,NOAA Storm Events Database,https://www.ncdc.noaa.gov/stormevents/,"https://www.ncdc.noaa.gov/stormevents/ftp.jsp — downloaded StormEvents_details bulk CSV, filtered STATE=FLORIDA"
Miami-Dade,86,2022,January,Flash Flood,FLORIDA,11-JAN-22 18:30:00,11-JAN-22 20:30:00,,0.00K,164889,995675,NOAA Storm Events Database,https://www.ncdc.noaa.gov/stormevents/,"https://www.ncdc.noaa.gov/stormevents/ftp.jsp — downloaded StormEvents_details bulk CSV, filtered STATE=FLORIDA"
Miami-Dade,86,2022,January,Thunderstorm Wind,FLORIDA,16-JAN-22 12:47:00,16-JAN-22 12:47:00,56.0,0.00K,164891,995685,NOAA Storm Events Database,https://www.ncdc.noaa.gov/stormevents/,"https://www.ncdc.noaa.gov/stormevents/ftp.jsp — downloaded StormEvents_details bulk CSV, filtered STATE=FLORIDA"
Miami-Dade,86,2022,May,Thunderstorm Wind,FLORIDA,15-MAY-22 15:25:00,15-MAY-22 15:35:00,55.0,8.00K,170282,1032330,NOAA Storm Events Database,https://www.ncdc.noaa.gov/stormevents/,"https://www.ncdc.noaa.gov/stormevents/ftp.jsp — downloaded StormEvents_details bulk CSV, filtered STATE=FLORIDA"
Miami-Dade,86,2022,May,Flash Flood,FLORIDA,29-MAY-22 16:43:00,29-MAY-22 18:00:00,,0.00K,170373,1033075,NOAA Storm Events Database,https://www.ncdc.noaa.gov/stormevents/,"https://www.ncdc.noaa.gov/stormevents/ftp.jsp — downloaded StormEvents_details bulk CSV, filtered STATE=FLORIDA"
Miami-Dade,86,2022,May,Flash Flood,FLORIDA,29-MAY-22 16:29:00,29-MAY-22 18:30:00,,0.00K,170373,1033070,NOAA Storm Events Database,https://www.ncdc.noaa.gov/stormevents/,"https://www.ncdc.noaa.gov/stormevents/ftp.jsp — downloaded StormEvents_details bulk CSV, filtered STATE=FLORIDA"
Miami-Dade,86,2022,June,Flash Flood,FLORIDA,06-JUN-22 14:00:00,07-JUN-22 12:00:00,,0.00K,171709,1042322,NOAA Storm Events Database,https://www.ncdc.noaa.gov/stormevents/,"https://www.ncdc.noaa.gov/stormevents/ftp.jsp — downloaded StormEvents_details bulk CSV, filtered STATE=FLORIDA"
Miami-Dade,86,2022,June,Flash Flood,FLORIDA,04-JUN-22 00:30:00,04-JUN-22 12:00:00,,0.00K,171662,1042209,NOAA Storm Events Database,https://www.ncdc.noaa.gov/stormevents/,"https://www.ncdc.noaa.gov/stormevents/ftp.jsp — downloaded StormEvents_details bulk CSV, filtered STATE=FLORIDA"
Miami-Dade,86,2022,June,Thunderstorm Wind,FLORIDA,01-JUN-22 17:13:00,01-JUN-22 17:13:00,52.0,0.00K,171525,1041298,NOAA Storm Events Database,https://www.ncdc.noaa.gov/stormevents/,"https://www.ncdc.noaa.gov/stormevents/ftp.jsp — downloaded StormEvents_details bulk CSV, filtered STATE=FLORIDA"
Miami-Dade,86,2022,June,Flash Flood,FLORIDA,09-JUN-22 14:30:00,09-JUN-22 16:30:00,,0.00K,171527,1041308,NOAA Storm Events Database,https://www.ncdc.noaa.gov/stormevents/,"https://www.ncdc.noaa.gov/stormevents/ftp.jsp — downloaded StormEvents_details bulk CSV, filtered STATE=FLORIDA"
